Country ,Country Code,2000,2001,2002,2003,2004,2005,2006,2007,2008,2009,2010
Aruba,ABW,33120.05418,32117.91232,30862.22269,31387.28296,34176.4646,35207.57724,36362.21932,37865.49349,38515.2638,34693.08675,33732.84745
Afghanistan,AFG,,,839.4858861,888.15337,885.840819,979.2739786,1031.643135,1176.126357,1218.118215,1454.663015,1637.377987
Angola,AGO,3097.307292,3191.266323,3564.096026,3614.607278,3978.697194,4555.185842,5048.876449,5697.251328,6221.423373,6092.783245,6230.297028
Albania,ALB,3861.334172,4301.352799,4661.371553,4994.518807,5422.778462,5865.306196,6559.783257,7276.302969,8228.374239,8814.810856,9628.025783
Arab World,ARB,9415.632618,9584.108301,9581.797143,9974.641898,10937.31609,11646.48609,12442.18794,13041.92553,13739.72775,13640.84678,14127.77802
United Arab Emirates,ARE,82215.31447,80843.60537,79863.48973,82946.33521,85147.21909,81635.46797,79970.73625,72802.1616,66641.48428,56975.52938,54230.17367
Argentina,ARG,11916.58261,11514.61911,10310.12912,11307.75798,12527.8005,13916.53051,15334.93686,16994.69598,17850.13019,16753.39489,18524.85676
Armenia,ARM,2327.362521,2621.854364,3031.121882,3539.630267,4038.455075,4772.590047,5609.16897,6609.171824,7264.561195,6326.657969,6565.67866
Antigua and Barbuda,ATG,16526.98722,15804.12156,15994.17615,17059.13716,18284.46766,19784.96679,22634.001,24994.55822,25064.10177,21852.20308,20134.81725
Australia,AUS,26328.67368,27336.68269,28718.24108,29693.90591,31327.37749,32575.06925,34306.65231,36560.40565,37459.30765,40300.30823,39324.36895
Austria,AUT,29380.06604,29715.22222,31178.69333,32108.63255,33743.04471,35013.71404,37623.07576,39392.54059,41316.22518,40926.52376,42006.04688
Azerbaijan,AZE,3663.445253,4082.68233,4504.976485,5018.890056,5581.871258,7290.229953,9989.206473,12724.34834,14047.66019,15162.8878,15884.04479
Burundi,BDI,571.3263123,582.4678169,601.5297558,587.2425099,612.4744378,617.0619445,648.7489871,666.8755949,689.7486433,698.1735533,718.7144691
Belgium,BEL,27788.43052,28800.12971,30282.28865,30898.60744,32033.87096,33177.89095,35222.60515,36755.65633,37883.33194,37757.28209,39836.89771
Benin,BEN,1326.089814,1384.897282,1428.017897,1459.584662,1518.93259,1546.708441,1609.104674,1701.971136,1769.252435,1773.729771,1781.563317
Burkina Faso,BFA,855.7447616,906.0727906,933.2403657,995.4642409,1037.231644,1128.295648,1198.756926,1261.982902,1339.245523,1348.005973,1394.2531
Bangladesh,BGD,1346.743205,1419.137782,1469.845761,1541.185923,1638.916165,1773.888588,1923.417573,2088.720935,2231.689464,2335.918717,2466.902949
Bulgaria,BGR,6377.837474,6908.956055,7726.400977,8343.138854,9122.849554,10211.27988,11313.55081,12800.81668,14328.98986,14146.1069,14934.13274
Bahrain,BHR,35763.21023,35689.48306,35551.58974,36338.58416,37461.93299,38492.09419,39170.68512,40300.17978,40565.77983,39422.3421,39740.61794
"Bahamas, The",BHS,26238.18446,27102.45479,27812.35914,27482.05591,27956.38229,29258.70162,30326.45273,30996.4288,30299.92548,28760.51286,29099.05721
Bosnia and Herzegovina,BIH,4547.97267,4751.117361,5136.520313,5373.142659,6200.620711,6479.660192,7406.347448,8188.589841,9028.865381,9030.464332,9347.583517
Belarus,BLR,6027.325186,6483.761082,6962.798228,7644.927706,8809.526945,10005.93725,11409.2556,12781.80909,14409.22188,14580.5808,15927.8747
Belize,BLZ,5437.384498,5658.088689,5873.411376,6369.457477,6669.721807,6873.415769,7214.467355,7297.398433,7484.370023,7403.044146,7555.204308
Bermuda,BMU,40694.79221,44112.32699,43861.57041,45898.5812,47914.37378,49909.88091,53960.55659,56666.44157,58305.3793,55337.67603,55241.0749
Bolivia,BOL,3478.202471,3546.116063,3623.09177,3721.055939,3909.065039,4134.616513,4386.565455,4629.682798,4925.91967,5045.331273,5228.115329
Brazil,BRA,9073.976905,9274.24759,9581.992836,9747.941038,10460.55063,11004.95618,11659.39278,12568.1979,13332.14386,13288.43548,14320.36869
Barbados,BRB,12734.21678,12659.77483,12917.43431,13399.25767,13905.82076,14850.10279,16099.4947,16765.32442,17170.59085,16392.95742,16164.98116
Brunei Darussalam,BRN,65305.76557,67184.3545,69510.20853,71514.39372,72549.22496,73930.4777,78411.6146,79631.19236,78670.55795,76961.8122,78907.87122
Bhutan,BTN,2640.679535,2865.296749,3161.84584,3406.512427,3641.685222,3968.817637,4317.784502,5181.00986,5472.363625,5822.685951,6517.066344
Botswana,BWA,8528.969125,8574.343766,9076.228393,9506.492466,9849.796995,10421.37193,11401.3476,12409.29787,13158.84871,12007.23239,12964.35144
Central African Republic,CAF,676.8110417,706.6981799,728.1662565,687.3649048,733.3177346,748.1942658,791.9856238,834.5316894,852.9298062,919.4085589,962.2919722
Canada,CAN,29265.08444,30107.65694,30853.20132,32225.05212,33796.9992,36211.0846,37999.0386,39439.80689,40275.9899,38797.38505,40012.3914
Central Europe and the Baltics,CEB,9998.133467,10782.25744,11606.67435,12301.66286,13445.65139,14282.39703,15878.13511,17719.18489,19650.1993,19672.21067,20739.74609
Switzerland,CHE,35754.54761,36778.01064,37718.28483,37713.3375,39170.03225,40572.26448,45106.41668,49746.38939,52584.72681,51769.03029,53067.72464
Chile,CHL,9553.566623,9972.651027,10333.06363,10841.32389,11812.63501,12746.58339,15753.96299,16941.83598,16501.80692,16159.60523,18161.80392
China,CHN,2936.287745,3227.419438,3553.923793,3958.471977,4449.561919,5081.049041,5867.796877,6847.069623,7615.029533,8352.689933,9303.7337
Cote d'Ivoire,CIV,2378.610507,2376.207237,2321.401906,2283.588006,2324.958116,2387.621825,2443.851599,2498.335894,2553.838041,2596.897477,2618.31892
Cameroon,CMR,2039.934284,2119.058927,2184.982452,2265.805853,2418.58814,2476.299312,2568.442478,2691.89729,2762.942018,2767.974836,2817.572722
"Congo, Dem. Rep.",COD,455.8150878,443.5747121,450.4504171,469.7704098,498.9798703,528.9747838,555.799958,586.9952654,615.0719745,616.6586194,646.2953953
"Congo, Rep.",COG,3677.147746,3790.96904,3914.89949,3906.125177,4028.312196,4337.194228,4591.995561,4483.926647,4663.011862,4886.383669,5214.502782
Colombia,COL,6694.81285,6848.278541,7022.739601,7324.400853,7811.230086,8320.569299,9036.314249,9792.902952,10188.01706,10274.48986,10732.74905
Comoros,COM,1900.656026,1939.276549,1967.64432,1998.168463,2042.269826,2114.657068,2183.490414,2206.559329,2283.896913,2318.430196,2376.538886
Cabo Verde,CPV,3101.002514,3183.819402,3348.349609,3497.853193,3900.335986,4240.265086,4655.64533,5437.709911,5841.058767,5741.218207,5821.739805
Costa Rica,CRI,7787.377759,8089.579389,8349.671125,8732.228946,9220.889154,9737.088813,10609.50688,11625.93049,12240.57907,12058.52382,12644.69665
Caribbean small states,CSS,9143.378944,9486.903147,9949.76576,10737.21926,11432.07747,12151.1679,13352.91441,14092.37355,14501.98375,14001.53257,14273.0047
Curacao,CUW,23271.89021,24497.70194,24953.45594,24969.86315,25256.10413,25558.82731,26084.51284,26910.08102,27683.25688,27566.0128,27559.19705
Cayman Islands,CYM,62144.8997,61515.84102,61566.92107,62207.35227,62748.13144,67007.34676,70105.89991,72078.25335,71101.471,64698.99043,62158.60304
Cyprus,CYP,21291.43211,22871.52603,23556.26141,24252.82356,25921.20781,27763.21009,29984.36507,32849.77692,34830.3699,33891.67453,33421.04262
Czech Republic,CZE,16190.80503,17554.48772,18189.23435,19426.08513,20799.15764,21956.38386,23776.48706,26124.89545,27844.79533,27599.30086,27667.4329
Germany,DEU,27202.79337,28380.38412,29178.63747,29875.02793,31305.28794,31794.09601,34124.87427,36252.41196,37802.38743,36823.38028,38949.54976
Djibouti,DJI,,,,,,,,,,,
Dominica,DMA,6549.08947,6687.479497,6584.450757,7106.074263,7489.875334,7751.066096,8342.414879,9100.901836,9934.093254,9889.384103,10068.0688
Denmark,DNK,28662.09474,29449.6194,30640.34562,30786.24895,32908.68079,34150.15946,37295.65935,38968.5154,41278.32683,40339.67713,42999.61614
Dominican Republic,DOM,6595.771906,6803.998794,7117.697385,7051.023517,7324.228267,8152.859622,9049.39913,9853.171718,10236.54484,10283.16147,11132.93764
Algeria,DZA,8162.587573,8480.070459,8981.349267,9682.476035,10234.9309,11022.14747,11380.09442,11897.10382,12218.04739,12294.61249,12655.13741
East Asia & Pacific (excluding high income),EAP,3295.111724,3552.649224,3851.210265,4221.389035,4676.257125,5235.225779,5911.191537,6734.512112,7375.894988,7925.710235,8725.224839
Early-demographic dividend,EAR,4122.622963,4215.13293,4295.182857,4533.208604,4886.245556,5262.10921,5697.877096,6121.326961,6406.476519,6511.781311,6921.770351
East Asia & Pacific,EAS,5716.416718,6013.606015,6385.851457,6801.526024,7382.317367,8033.165621,8820.133431,9753.849369,10380.94916,10782.69079,11705.41993
Europe & Central Asia (excluding high income),ECA,6121.890196,6483.963187,6950.682153,7663.1696,8588.992459,9658.493778,11553.85911,12895.10965,14815.25736,14330.06687,15296.9439
Europe & Central Asia,ECS,15887.0865,16690.30316,17490.97838,18141.63252,19261.67564,20307.4248,22474.1713,24083.21561,25738.78573,25026.93103,26070.69075
Ecuador,ECU,5854.337577,6110.458846,6348.924913,6530.517214,7135.985853,7619.033946,8059.131304,8316.568167,8868.937591,8841.984389,9114.338328
"Egypt, Arab Rep.",EGY,5971.668538,6199.410071,6327.810798,6528.675327,6852.14983,7249.452566,7839.842257,8471.343487,9091.000665,9411.304969,9814.298455
Euro area,EMU,25319.12256,26505.96033,27535.03263,27952.96526,29051.41495,30076.70858,32500.33387,34385.21263,35709.63143,34794.94435,35768.84329
Eritrea,ERI,1977.56065,2121.702039,2124.888346,2009.73975,2002.327942,2037.792855,2013.889196,2042.664795,1838.043016,1888.61518,1921.43479
Spain,ESP,21587.25644,22958.76158,24371.59885,25018.36612,26119.79374,27606.93405,30688.36622,32438.17339,33263.2724,32098.97505,31680.18539
Estonia,EST,9435.008551,10326.17942,11670.36527,13122.83916,14521.29779,16624.91204,19313.26424,22170.25226,22830.09032,20597.93347,21796.6101
Ethiopia,ETH,494.2873019,531.5337939,532.6266218,515.8733033,584.8968669,655.7866987,728.390516,811.0642774,891.2764327,950.5543294,1052.606672
European Union,EUU,22069.49361,23169.06145,24178.35792,24669.34858,25829.2088,26802.47407,29083.33895,30991.10706,32479.88698,31808.78901,32846.84409
Fragile and conflict affected situations,FCS,2458.938951,2528.331613,2491.320124,2338.860019,2702.681471,2904.929806,3133.906938,3313.509317,3490.115499,3598.581036,3794.578481
Finland,FIN,26788.40847,27807.31978,28605.12232,29019.3104,31173.32308,32051.794,34419.38065,37801.78453,40083.69727,37980.06516,38953.3576
Fiji,FJI,5312.128363,5517.36059,5774.530237,5934.624538,6403.401963,6618.784842,6892.836695,6947.961986,7078.627366,6965.538944,7202.758363
France,FRA,26094.25256,27501.54241,28523.88573,28141.4614,29034.00071,30498.57929,32434.86026,34088.36008,35095.26296,34685.1738,35900.04557
Faroe Islands,FRO,,,,,,,,,,,
"Micronesia, Fed. Sts.",FSM,2489.404148,2604.705446,2663.933614,2759.388483,2753.504963,2910.789014,3018.000788,3069.169281,3080.07978,3154.792793,3265.692825
Gabon,GAB,14182.23034,14453.96722,14301.43243,14537.38852,14655.94539,15106.77815,14708.23376,15549.51322,14863.56838,14514.77299,15190.41441
United Kingdom,GBR,26407.20992,27756.81263,29068.59386,30261.57769,31964.59597,32668.22632,34767.00114,35600.00779,36660.19256,35003.49742,36340.73387
Georgia,GEO,2932.733288,3190.188485,3448.844072,3927.811153,4293.788083,4883.042305,5536.086757,6433.362023,6737.558439,6599.447428,7145.520193
Ghana,GHA,1765.935336,1831.441011,1897.129518,1983.476478,2098.15671,2234.201454,2387.358547,2492.897985,2703.302627,2784.138279,2964.43112
Gibraltar,GIB,,,,,,,,,,,
Guinea,GIN,1208.548507,1253.416761,1312.646354,1327.887063,1368.553326,1424.147685,1453.004181,1558.614436,1617.117614,1574.663204,1632.386304
"Gambia, The",GMB,1952.907589,2045.715869,1947.272525,2052.939391,2186.559451,2134.310336,2121.13587,2178.153538,2290.386246,2389.549038,2484.669168
Guinea-Bissau,GNB,1122.741789,1147.826788,1129.327752,1130.831277,1165.917433,1224.222269,1259.812383,1303.724633,1338.110142,1358.998261,1401.692456
Equatorial Guinea,GNQ,8703.661456,13945.636,16236.60098,18069.89933,24525.86524,28241.92807,29941.85897,33840.551,38790.90398,37820.95481,33294.6535
Greece,GRC,19518.90751,20963.56036,22615.93565,23870.1601,25437.26843,25577.52408,28519.53894,29291.92369,30856.01183,30365.39993,28148.42242
Grenada,GRD,7589.576807,7568.456451,7922.895537,8802.265578,8951.282111,10423.86032,10283.79525,11179.3058,11475.72783,10764.51396,10788.98952
Greenland,GRL,,,,,,,,,,,
Guatemala,GTM,4830.764001,4935.712795,5086.550786,5188.204053,5368.507328,5585.650725,5928.026112,6327.75499,6516.890988,6458.253034,6576.668609
Guam,GUM,,,,,,,,,,,
Guyana,GUY,3673.79935,3847.739042,3955.084199,4001.162701,4169.794786,4213.389641,4562.465789,5013.018452,5209.1518,5428.762167,5706.200768
High income,HIC,27755.05417,28659.19016,29590.4725,30570.90481,32263.17586,33833.25668,36012.83267,37767.1074,38702.17771,37695.14887,39091.19585
"Hong Kong SAR, China",HKG,27068.81009,27613.41243,28388.88501,29858.75065,33071.36409,36461.38319,39949.13935,43300.43427,44813.10793,43949.60279,47123.34339
Honduras,HND,2628.424519,2686.72693,2759.212445,2865.039618,3049.733773,3256.300176,3493.06359,3723.884307,3871.469391,3726.826149,3832.54541
Heavily indebted poor countries (HIPC),HPC,1172.937516,1217.64827,1242.207203,1285.836232,1355.634326,1442.386151,1535.642914,1636.766821,1722.845616,1763.040575,1839.381684
Croatia,HRV,10601.6383,11613.48393,12647.63913,13550.17297,14534.45224,15303.86262,17431.30471,19354.98219,20776.44815,19998.68469,19761.48491
Haiti,HTI,1363.804198,1355.931003,1351.106112,1358.553498,1324.113894,1367.599877,1417.629644,1480.52853,1498.199674,1532.1101,1478.736255
Hungary,HUN,11854.81987,13213.44527,14526.38826,15464.17155,16228.92055,17073.55143,18342.71523,19045.80841,20696.72857,20678.06831,21569.89008
IBRD only,IBD,4450.626543,4664.902078,4897.089212,5230.451276,5734.105724,6281.666006,7014.622544,7759.745755,8378.320421,8633.229486,9317.682587
IDA & IBRD total,IBT,3857.150715,4034.266715,4226.79309,4498.643848,4913.711717,5364.596633,5957.991755,6558.632887,7049.846788,7253.033224,7792.375405
IDA total,IDA,1703.108039,1774.544496,1856.260974,1942.269319,2083.12003,2239.974407,2400.230408,2564.048859,2686.773803,2780.675305,2911.526915
IDA blend,IDB,2485.548644,2571.711271,2728.019412,2851.152083,3082.454426,3313.574855,3539.879646,3755.78716,3890.789245,4027.612092,4193.168822
Indonesia,IDN,4620.547598,4827.438785,5055.355834,5323.104507,5664.893913,6091.922453,6534.07551,7041.486994,7510.100118,7813.090106,8284.501294
IDA only,IDX,1292.186619,1357.388707,1398.870747,1466.426052,1559.78274,1678.364703,1804.757987,1942.268998,2059.936195,2130.762579,2242.841627
Isle of Man,IMN,,,,,,,,,,,
India,IND,2156.689919,2270.718563,2354.2651,2544.112251,2774.420858,3039.128698,3331.592127,3628.001338,3757.289184,4026.380833,4360.15405
Not classified,INX,,,,,,,,,,,
Ireland,IRL,30177.82788,32546.09148,35212.09472,36237.77128,38669.20414,40437.77458,44204.9969,46759.71484,44283.73011,41621.71832,43295.01791
"Iran, Islamic Rep.",IRN,10533.52478,10713.58315,11528.77068,12611.46551,13355.14302,14045.20849,15023.08444,16501.97427,16681.79497,16791.05888,17767.50221
Iraq,IRQ,9717.658254,9861.520265,9055.551154,5999.130991,9255.53032,9738.639139,10840.81758,11098.13138,12040.24597,12287.72965,12884.90384
Iceland,ISL,29710.55155,31775.15843,32524.02325,32619.35874,35608.06946,37233.19629,39093.95196,41160.23651,43318.35275,41905.36603,39576.97124
Israel,ISR,24931.03887,24918.00428,25224.87874,23821.5451,25224.36448,24831.44992,25678.71429,27487.84462,27433.06349,27501.29414,28861.93991
Italy,ITA,27076.1868,28045.44843,28736.57711,29164.59527,29527.79094,30130.64446,32419.93615,34108.20429,35523.27131,34610.03145,35155.66806
Jamaica,JAM,6318.642619,6495.147003,6684.32279,7014.854567,7257.340316,7508.988192,7918.879434,8206.866186,8257.870394,7920.231105,7853.974864
Jordan,JOR,5815.873532,6142.842663,6476.612526,6724.043386,7300.219009,7879.095022,8443.677235,8983.913039,9369.884496,9471.843568,9306.488797
Japan,JPN,26838.69136,27472.54712,28160.10761,28924.68216,30348.04197,31663.4531,33090.19626,34501.50901,34798.7659,33198.61611,34986.99454
Kazakhstan,KAZ,7918.947004,9200.784457,10261.83496,11386.11323,12726.39944,14268.33754,16101.83296,17801.14353,18519.2511,18392.88499,19685.35171
Kenya,KEN,1669.318817,1722.772066,1712.506831,1747.464545,1835.481863,1950.28767,2081.164298,2221.122812,2207.642032,2235.680111,2385.992645
Kyrgyz Republic,KGZ,1650.785503,1759.989812,1771.185889,1910.77178,2074.835594,2111.757152,2219.185786,2449.999653,2681.893434,2746.972069,2733.079268
Cambodia,KHM,1101.815794,1185.433252,1259.813705,1368.700893,1525.928724,1754.171137,1971.563042,2198.292175,2355.903624,2340.558567,2470.704155
Kiribati,KIR,1583.087611,1567.041215,1624.565342,1658.863228,1644.954584,1744.974858,1758.459498,1800.754894,1756.730343,1745.986907,1716.059227
St. Kitts and Nevis,KNA,17734.62004,18898.42789,19424.95332,18861.59023,19903.88922,22257.62821,23359.95826,23754.90841,25570.31248,24685.25821,24033.32038
"Korea, Rep.",KOR,18082.9548,19168.21512,20775.10514,21376.76617,22936.81163,24196.42385,25820.97163,27822.27653,28655.98352,28325.2093,30365.27837
Kuwait,KWT,56067.05908,55831.35461,57502.26456,67935.05515,75549.67174,83521.9999,88482.98358,91290.71514,89916.47335,79265.59307,73817.97698
Latin America & Caribbean (excluding high income),LAC,8601.426246,8709.585418,8739.754789,8952.762398,9627.781372,10241.96967,11057.761,11848.63371,12493.6423,12292.11698,13046.65768
Lao PDR,LAO,1979.537838,2105.342745,2230.725003,2373.963598,2553.684695,2776.517672,3056.927319,3321.339336,3589.502001,3823.692269,4130.547187
Lebanon,LBN,8448.529729,8632.385929,8654.47792,8672.163654,9091.163179,9366.765445,9688.656235,10860.92089,12102.83681,13286.61257,14111.19139
Liberia,LBR,1048.694769,1063.610813,1094.849374,765.7607838,791.8993006,837.6613236,901.3154509,974.9193196,1021.823984,1041.945486,1078.946046
Libya,LBY,17437.0857,17230.91106,17060.31866,19326.376,20406.82756,23181.26796,25053.9574,26958.63336,27825.07083,27474.49038,28890.36545
St. Lucia,LCA,8486.854699,8300.631416,8402.606913,8860.384636,9682.614003,9845.841882,10644.30463,11005.98965,11614.16662,11384.55596,11428.51171
Latin America & Caribbean,LCN,8808.172833,8938.313443,8981.18127,9210.35916,9915.327514,10544.1804,11430.60135,12239.52873,12855.82097,12648.63474,13438.05948
Least developed countries: UN classification,LDC,1179.141647,1240.185824,1289.127068,1352.067277,1447.217195,1573.831625,1705.14094,1850.150177,1972.005726,2038.564714,2145.354881
Low income,LIC,1070.447646,1118.759347,1142.256498,1183.806776,1255.012941,1340.907912,1419.147664,1508.637175,1586.554667,1638.534094,1729.033452
Liechtenstein,LIE,,,,,,,,,,,
Sri Lanka,LKA,4410.987735,4406.600002,4616.969352,4940.196264,5304.427424,5764.132459,6344.939228,6906.996548,7407.324792,7674.350942,8328.90662
Lower middle income,LMC,2601.490447,2728.870612,2846.382968,3027.382365,3272.300132,3541.646138,3843.313592,4157.549764,4358.967655,4546.747562,4838.153864
Low & middle income,LMY,3760.590188,3934.979746,4123.25388,4392.288437,4799.677893,5247.203635,5825.820718,6415.033306,6900.392715,7102.484442,7629.587182
Lesotho,LSO,1303.543534,1377.59123,1413.615276,1514.086085,1590.942832,1705.716887,1837.356205,1980.900154,2155.306978,2215.177375,2378.563578
Late-demographic dividend,LTE,4751.742992,5072.11194,5444.459805,5915.311143,6530.993022,7236.483641,8237.190369,9269.01778,10209.04084,10608.22185,11537.75018
Lithuania,LTU,8457.608774,9451.636523,10494.35179,12067.65917,13031.50054,14526.0824,16484.59202,19095.43677,20744.12753,18145.85292,20039.01002
Luxembourg,LUX,55348.89874,55894.80455,58771.50927,60039.29874,64051.55593,68220.06448,77951.36474,83981.73587,86693.89512,82278.19739,85613.58661
Latvia,LVA,8015.685601,9018.397415,10052.62273,11010.88527,12199.16411,13836.84355,15745.10313,18127.15673,19466.14509,16924.03115,17587.34596
"Macao SAR, China",MAC,33616.33289,34526.36757,37283.94641,41356.41236,52527.87894,57164.45169,65257.00934,75063.00432,77472.77793,77417.84569,95951.96228
St. Martin (French part),MAF,,,,,,,,,,,
Morocco,MAR,3574.843324,3873.407176,4009.185551,4276.012573,4547.823685,4787.233945,5243.914739,5509.929878,5879.26095,6099.692766,6324.152955
Monaco,MCO,,,,,,,,,,,
Moldova,MDA,2235.878102,2429.72802,2666.845803,2903.817694,3210.597016,3567.570266,3862.678175,4094.912562,4508.754038,4275.933379,4637.516516
Madagascar,MDG,1340.131271,1407.821118,1211.285973,1314.210686,1378.740509,1443.840549,1517.271503,1608.135453,1700.21266,1599.214903,1583.036118
Maldives,MDV,7800.490466,7472.464508,7924.279814,8923.529345,9448.786658,8242.991429,10452.27422,11296.00956,12303.97044,11177.85596,11720.52813
Middle East & North Africa,MEA,10920.79108,11104.60671,11277.43873,11815.5355,12855.57862,13607.47621,14507.89546,15346.4509,15983.81721,15907.77444,16559.28134
Mexico,MEX,11089.81343,11129.86896,11187.47762,11482.44959,12085.7618,12657.63719,13808.17762,14290.06724,14924.82175,14558.24481,15260.62055
Marshall Islands,MHL,2476.246796,2668.129428,2760.841073,2710.465424,2757.248092,2866.939653,2946.295217,3093.465138,2934.230051,2995.234351,3252.367857
Middle income,MIC,4023.210724,4214.145904,4422.672345,4718.999305,5165.637442,5656.443662,6293.453734,6943.15614,7481.021796,7709.214069,8294.051321
North Macedonia,MKD,6127.035274,6028.860911,6305.372185,6502.651099,7080.110143,7759.701569,8584.853586,9242.973203,10418.05514,10914.42066,11273.857
Mali,MLI,1166.376271,1335.566578,1357.257746,1462.478263,1477.634673,1571.587683,1639.719328,1685.393542,1741.249136,1777.690079,1836.816217
Malta,MLT,19425.71188,19621.34454,20561.69408,20937.60382,21401.14407,22232.48289,23223.97713,24893.20115,26193.18285,26139.50818,27809.1065
Myanmar,MMR,1025.710408,1154.626473,1300.795797,1494.384325,1727.868284,2007.514098,2322.057579,2653.118882,2963.697788,3280.274594,3613.019143
Middle East & North Africa (excluding high income),MNA,7365.486975,7565.06032,7802.85078,8014.772558,8727.469711,9243.973234,9880.058769,10579.32419,10985.48173,11158.08891,11672.24487
Montenegro,MNE,6002.627014,6773.144226,7100.282774,7332.728503,7835.159297,8313.65688,10447.90074,12447.2825,13816.61796,13024.77202,13634.99696
Mongolia,MNG,3704.257383,3861.572885,4068.489678,4388.534427,4930.358646,5387.888859,5949.514034,6644.628515,7270.048778,7119.208251,7530.75353
Northern Mariana Islands,MNP,,,,,,,,,,,
Mozambique,MOZ,504.0740388,561.2486948,605.0869388,639.6857231,688.3647277,735.376635,808.0249408,869.4162049,925.1805404,964.3353336,1010.752656
Mauritania,MRT,2255.10044,2288.067066,2275.961576,2388.844886,2521.691232,2753.877366,3277.513188,3362.484972,3366.393023,3260.58864,3356.361346
Mauritius,MUS,8977.839746,9407.27454,9643.218155,10329.29675,10997.50266,11473.50702,12338.18105,13334.33017,14274.27438,14820.49866,15612.29342
Malawi,MWI,703.1408641,665.8978472,671.3882915,705.6155993,745.1582906,773.116299,811.5953094,888.2018943,947.2435231,1004.660758,1055.49399
Malaysia,MYS,12973.90027,13037.70037,13670.03764,14437.40671,15522.70405,16531.59892,17632.1306,18872.82195,19787.69915,19283.45231,20605.20111
North America,NAC,35642.46317,36445.05371,37319.5583,38782.74712,40935.60564,43338.50324,45483.55425,47137.56381,47585.67853,46281.4953,47630.90574
Namibia,NAM,5203.03658,5293.947383,5550.438276,5806.673404,6594.173668,6861.588443,7442.555097,7911.929266,8130.123186,8067.700206,8500.097148
New Caledonia,NCL,,,,,,,,,,,
Niger,NER,600.6752781,633.9734318,639.4484554,661.008422,654.7420992,679.7015488,713.6738644,728.0355856,783.1968713,754.2540731,795.6828256
Nigeria,NGA,2442.50098,2578.21048,2945.251781,3139.679071,3433.443947,3672.153889,3909.120916,4167.553703,4417.395066,4682.435935,4981.358232
Nicaragua,NIC,2718.03664,2817.618872,2842.900823,2927.856377,3123.423668,3313.09333,3506.683287,3732.018183,3881.592411,3730.984825,3887.787537
Netherlands,NLD,31875.23602,33194.04609,34447.20532,34111.80335,35777.15324,37625.56171,40971.26076,43896.7387,46420.20168,44566.0619,45040.31808
Norway,NOR,36941.60093,37780.10051,37980.35398,38550.95539,42511.17645,47797.52995,54104.28927,55876.50392,61716.59971,55375.57628,57915.01937
Nepal,NPL,1214.984044,1279.532443,1281.411281,1337.483006,1418.660868,1494.627788,1571.99503,1649.306356,1765.030528,1844.102817,1946.058721
Nauru,NRU,,,,,,,,3816.38273,5203.830851,5670.057531,6470.453571
New Zealand,NZL,21521.70657,22500.47759,23306.27954,23967.42075,25080.47246,25677.41908,27758.16574,29385.89572,29860.52773,30699.66202,31253.0536
OECD members,OED,25237.99078,26024.33346,26848.65064,27622.55717,29085.71901,30459.05589,32469.03153,34031.30645,34900.60237,33982.28715,35247.87046
Oman,OMN,34986.15382,36916.87265,36454.36055,35363.22896,35891.78174,36938.61607,39020.84471,40649.82056,43309.56224,44291.07489,44408.58742
Other small states,OSS,10736.4667,11304.53674,11844.74949,12384.52784,13717.65966,14677.62887,16518.91374,18271.77078,19721.8193,19913.65668,21348.95705
Pakistan,PAK,2706.43252,2750.394675,2815.116141,2936.770126,3164.243422,3433.223613,3670.481818,3862.100588,3914.611952,3966.565219,3988.656725
Panama,PAN,8454.716158,8522.941831,8683.41252,9044.711519,9802.658752,10636.88888,11691.26125,13202.65612,14523.04302,14554.83079,15311.02913
Peru,PER,5115.127919,5193.024653,5500.92409,5778.612059,6171.598136,6705.08808,7365.736619,8140.979682,8984.079457,9078.556657,9869.070416
Philippines,PHL,3361.325849,3459.885946,3566.98384,3736.355692,4013.774343,4255.375298,4531.986252,4877.472739,5093.578334,5106.399206,5468.305507
Palau,PLW,9889.832612,10598.36141,10995.73072,10787.8029,11595.39035,12495.8879,12837.98701,13626.28261,13433.88251,12979.86799,13411.10076
Papua New Guinea,PNG,2081.455362,2079.355108,2066.013058,2106.823758,2176.646249,2335.161838,2477.993252,2678.298445,2656.864455,2791.714611,3039.786236
Poland,POL,10652.90829,11101.97471,11781.05635,12257.14487,13341.1,13895.92354,15142.18487,16787.97025,18310.44321,19246.44868,21048.33052
Pre-demographic dividend,PRE,1923.666761,2002.095126,2078.518154,2027.348615,2299.996065,2455.772329,2637.466672,2799.277847,2962.215748,3048.895993,3187.988522
Puerto Rico,PRI,24672.33756,26748.01329,27384.78362,27890.78341,31141.05605,31518.4847,32150.48833,32821.89961,33036.52581,32816.94611,33229.92303
"Korea, Dem. People?s Rep.",PRK,,,,,,,,,,,
Portugal,PRT,18879.28669,19533.0661,20356.6473,20827.98424,21458.27674,22725.27749,24657.10482,25708.24619,26665.8373,26464.31081,27259.7661
Paraguay,PRY,6353.237862,6313.615515,6292.121243,6565.983676,6896.878338,7146.774004,7600.70403,8111.137929,8674.8955,8601.540165,9541.371804
West Bank and Gaza,PSE,2934.99453,2651.48523,2297.572335,2600.928833,2872.854417,3199.431134,3087.761911,3294.411027,3465.978728,3695.023886,3937.239913
Pacific island small states,PSS,3594.299891,3686.158,3790.418328,3889.099311,4118.590262,4277.619819,4451.69905,4551.334305,4653.616485,4558.13375,4687.494899
Post-demographic dividend,PST,26805.94282,27762.27842,28727.50382,29642.92471,31242.71473,32767.7336,34872.53508,36581.41349,37491.87437,36485.58812,37773.21256
French Polynesia,PYF,,,,,,,,,,,
Qatar,QAT,86169.39432,88138.42244,92091.2766,91451.60854,101329.4787,97768.57115,107541.4558,109362.5076,111255.9944,108953.6771,117518.7009
Romania,ROU,5848.885376,6521.415379,7162.335654,7551.604779,8982.101337,9602.126199,11544.68273,13686.83097,16782.2321,16635.2298,16966.46061
Russian Federation,RUS,6825.406038,7361.3838,8037.499482,9254.560297,10226.78475,11822.3709,14912.2453,16648.24467,20163.61168,19389.94213,20490.12944
Rwanda,RWA,637.9898128,681.7397558,765.6584963,784.935105,853.7919406,945.5541673,1054.465817,1136.486959,1253.996633,1307.068325,1383.013387
South Asia,SAS,2134.106501,2232.814753,2310.082793,2478.720848,2691.437521,2940.490147,3210.32677,3481.129075,3606.765757,3833.44162,4112.321118
Saudi Arabia,SAU,34440.70584,33886.43082,32527.4347,35787.18204,38515.94714,40726.05788,41927.62125,42654.27419,44945.32113,43119.88439,44498.67574
Sudan,SDN,1845.523341,1953.48384,2053.798124,2191.622001,2273.597495,2450.7385,2702.901009,3011.096455,3220.329656,3262.020338,3327.142295
Senegal,SEN,1923.982135,2007.413896,2003.101585,2123.433736,2251.253122,2389.98818,2458.169034,2579.774467,2664.229276,2667.307426,2718.906572
Singapore,SGP,41662.74367,41000.41843,42886.18105,46342.2965,51612.82421,55809.70032,60745.45587,65230.10844,64230.63596,62873.49475,71565.99973
Solomon Islands,SLB,1445.486229,1323.152188,1271.979025,1344.055352,1411.468426,1497.183034,1611.374058,1735.89457,1853.137465,1737.972509,1832.831573
Sierra Leone,SLE,723.1020523,667.3971627,820.5143366,872.2546754,913.9100037,947.9151529,985.790854,1064.550355,1116.993886,1135.631121,1183.330094
El Salvador,SLV,4466.055172,4573.706426,4691.691143,4827.613517,4977.067139,5246.379551,5614.58149,5847.272164,6088.377821,5981.526531,6152.394745
San Marino,SMR,60124.60568,64038.2942,64432.43081,67251.79035,71286.91179,74272.13113,78463.94477,85274.41008,87290.42012,75725.33716,72075.29692
Somalia,SOM,,,,,,,,,,,
Serbia,SRB,5726.130474,6137.796738,6800.877215,7197.871716,8064.492325,9181.692585,10198.61081,11225.36244,12632.1427,12536.50405,12797.32427
Sub-Saharan Africa (excluding high income),SSA,1983.586291,2063.569163,2172.778238,2251.47457,2402.160849,2562.597327,2729.701316,2910.59023,3047.68188,3093.502025,3223.595898
South Sudan,SSD,,,,,,,,,3166.742744,3203.157961,3286.872034
Sub-Saharan Africa,SSF,1985.14037,2065.070064,2174.266901,2252.846136,2403.475277,2564.05013,2731.306962,2912.381081,3049.39669,3095.157755,3225.323047
Small states,SST,9908.134164,10399.18737,10898.31247,11468.09382,12597.29492,13462.77764,15073.32687,16525.676,17697.84629,17755.27441,18900.65675
Sao Tome and Principe,STP,,1605.192121,1638.861593,1743.923678,1819.323373,1961.42077,2147.582509,2213.778856,2372.815429,2382.691649,2507.202712
Suriname,SUR,7799.400009,8207.121207,8469.853249,9063.396066,9981.176965,10630.65723,11453.18223,12219.65847,12824.43343,13159.25969,13841.41492
Slovak Republic,SVK,11378.14219,12391.15318,13312.20331,14165.4041,15212.45963,16639.39412,18894.40435,21201.85853,23725.85776,23085.33289,25152.7642
Slovenia,SVN,18003.72503,18956.12075,20241.52542,21088.99236,22740.22061,23852.64328,25693.73095,27543.4917,29604.29123,27543.39118,27824.64807
Sweden,SWE,29453.55155,29770.04484,30751.20665,31583.04807,33608.73327,34029.19029,37435.37573,40592.8002,41971.61205,40156.41031,42179.33712
Eswatini,SWZ,4905.545477,5025.168164,5299.747508,5587.107921,5925.264297,6449.37007,7005.219336,7465.187626,7619.630479,7742.410725,8073.511731
Sint Maarten (Dutch part),SXM,,,,,,,,,,31831.67673,33410.67883
Seychelles,SYC,14684.04361,14652.49076,14611.1608,14165.73618,14184.8837,15870.28455,17520.16314,19764.54473,19280.3927,19137.3887,19948.41572
Syrian Arab Republic,SYR,,,,,,,,,,,
Turks and Caicos Islands,TCA,,,,,,,,,,,
Chad,TCD,789.0857645,866.9534573,919.30299,1033.579668,1365.774154,1593.191325,1595.093799,1635.096706,1661.636622,1688.082282,1875.557261
East Asia & Pacific (IDA & IBRD countries),TEA,3331.012877,3591.335921,3893.148167,4267.360653,4727.176096,5292.171888,5975.366075,6807.449207,7455.543491,8011.038644,8818.901912
Europe & Central Asia (IDA & IBRD countries),TEC,6566.383937,6941.132876,7432.373737,8125.530107,9065.238563,10086.07587,11926.1642,13299.00916,15178.62653,14812.69935,15836.4234
Togo,TGO,983.1198991,961.3663774,942.5333391,982.3464571,1004.334487,1020.978317,1065.777629,1089.696751,1125.033908,1164.346278,1216.508967
Thailand,THA,7312.810698,7659.243252,8190.496026,8875.774031,9621.585542,10270.27254,11039.84209,11885.80937,12261.4599,12207.96845,13213.31474
Tajikistan,TJK,943.1371819,1039.08812,1150.196263,1276.807012,1420.907352,1533.305278,1658.496929,1798.807199,1938.442493,1986.596247,2094.538959
Turkmenistan,TKM,4243.798539,4477.728363,4514.82698,4702.340206,5019.026996,5786.876112,6539.938877,7366.385083,8499.066211,8955.280706,9738.983107
Latin America & the Caribbean (IDA & IBRD countries),TLA,8727.970333,8843.647055,8881.614391,9110.019617,9800.707206,10433.92587,11326.51806,12140.30149,12762.78715,12556.00537,13352.70893
Timor-Leste,TLS,2597.769954,2844.860899,2628.765818,2577.720358,4232.660492,5791.984039,8277.114781,8774.681105,9655.649098,8981.084925,8821.211793
Middle East & North Africa (IDA & IBRD countries),TMN,7413.21342,7618.504271,7863.323137,8074.647953,8792.723277,9311.832874,9957.018439,10662.51949,11072.17525,11244.8315,11762.83905
Tonga,TON,3665.902526,3860.989502,4034.236903,4171.913068,4242.379484,4413.484858,4474.59379,4365.824859,4553.276725,4669.997988,4889.298528
South Asia (IDA & IBRD),TSA,2134.106501,2232.814753,2310.082793,2478.720848,2691.437521,2940.490147,3210.32677,3481.129075,3606.765757,3833.44162,4112.321118
Sub-Saharan Africa (IDA & IBRD countries),TSS,1985.14037,2065.070064,2174.266901,2252.846136,2403.475277,2564.05013,2731.306962,2912.381081,3049.39669,3095.157755,3225.323047
Trinidad and Tobago,TTO,14590.83383,15477.72714,16896.24604,19597.94841,21615.02249,23555.7148,27346.16638,29283.36361,30724.79466,29454.02792,30620.1748
Tunisia,TUN,6021.264395,6331.13635,6465.27773,6843.692211,7408.824855,7839.868116,8421.998833,9135.799881,9605.921377,9868.305639,10227.32596
Turkey,TUR,9583.78065,9215.131989,9329.813176,9603.880437,10860.05874,11887.86395,13621.46548,14849.32529,16053.80379,15489.87192,17425.86136
Tuvalu,TUV,2428.493554,2498.379457,2706.083826,2628.841103,2624.523401,2569.873659,2672.208254,2889.413134,3152.091628,3003.298324,2925.616097
Tanzania,TZA,1245.069474,1314.909847,1392.131445,1470.929684,1578.693473,1700.950077,1815.144391,1934.752743,2026.252856,2088.519946,2182.374747
Uganda,UGA,849.103967,885.0605616,947.3411238,995.2352113,1057.383445,1123.213095,1242.210442,1339.980495,1438.876731,1500.178502,1552.93584
Ukraine,UKR,3817.510547,4303.35667,4646.840744,5225.772428,6062.087656,6485.633061,7227.729835,8033.265679,8423.700146,7267.415871,7664.396582
Upper middle income,UMC,5419.379683,5685.945148,5999.113089,6426.217867,7093.957643,7829.773016,8834.500571,9858.6181,10778.05952,11076.71832,12005.33229
Uruguay,URY,10249.7381,10054.52709,9422.245715,9681.415106,10446.4655,11574.32289,12399.89304,13540.07137,14756.47578,15456.18466,16808.28488
United States,USA,36334.90878,37133.24281,38023.16111,39496.48588,41712.80107,44114.74778,46298.73144,47975.96768,48382.55845,47099.98047,48466.82338
Uzbekistan,UZB,2499.496162,2627.207489,2741.054692,2876.463685,3137.531025,3420.094331,3740.23256,4145.109337,4533.914272,4853.690566,5136.234068
St. Vincent and the Grenadines,VCT,6018.054836,6248.683949,6736.242394,7373.343424,7873.038743,8312.448941,9223.366048,9795.376157,10155.83137,10028.25893,9807.792586
"Venezuela, RB",VEN,11609.45843,12040.82557,10946.51197,10103.47423,12062.7375,13495.61258,15038.96211,16549.8039,17512.66493,16840.28222,16541.55868
British Virgin Islands,VGB,,,,,,,,,,,
Virgin Islands (U.S.),VIR,,,,,,,,,,,
Vietnam,VNM,2048.363759,2200.02024,2353.000468,2538.163204,2777.246874,3051.608497,3332.143253,3631.182562,3874.039234,4074.18424,4342.751917
Vanuatu,VUT,2247.43859,2166.861084,2037.99834,2110.139082,2196.248102,2326.010727,2537.567155,2676.832698,2837.237368,2882.471224,2888.738336
World,WLD,7986.020966,8260.908486,8552.194532,8917.190394,9519.452015,10132.56139,10959.07067,11721.8335,12260.65738,12232.98526,12876.52253
Samoa,WSM,3487.169815,3790.586688,3994.694834,4226.80407,4513.226983,4816.581754,5027.896853,5454.115605,5579.016217,5313.757658,5360.970497
Kosovo,XKX,3688.088054,4782.379635,4820.69745,5200.329414,5476.113407,5983.3044,6390.420478,6983.8792,7249.40936,7506.89862,7782.875107
"Yemen, Rep.",YEM,3181.383522,3278.903531,3363.240378,3452.738165,3581.824687,3789.889382,3915.384569,4038.655597,4148.556849,4221.413776,4472.726448
South Africa,ZAF,7719.255957,7994.262425,8315.442736,8613.587442,9136.414314,9796.154549,10524.34606,11240.26037,11667.84983,11416.00169,11728.16049
Zambia,ZMB,1691.967387,1773.963693,1835.247757,1948.531639,2087.213343,2248.465939,2434.454195,2637.277877,2819.650593,3017.024571,3269.794329
Zimbabwe,ZWE,2344.271146,2421.530752,2235.360895,1885.511354,1818.104977,1759.358119,1738.51425,1705.901346,1417.507098,1581.161558,1888.566739
